layer_distance,interconnect_width,material_resistivity,dielectric_constant,temperature,bandwidth
19.90816,4.3630295,1.3822823,6.960696,67.649124,0.0
12.327734,4.745582,3.6678243,9.814383,61.16454,0.0
11.966082,2.5958772,4.4779572,9.443619,35.74028,0.09664663
8.218029,2.3638048,1.6800394,8.476325,40.805244,0.023588128
12.312607,1.4045563,1.6260543,2.4334373,59.95799,0.0719884
18.31902,4.638435,3.172896,4.3372374,41.19713,0.026911914
15.703968,1.7640827,3.987671,9.641829,48.209213,0.0
16.156107,4.2925835,4.880914,5.7842627,60.80639,0.024687007
9.490913,3.034284,1.3123045,7.253148,34.023117,0.038789105
13.777355,4.9770007,2.5596275,6.4644337,79.27441,0.064028524
7.3086777,1.904705,2.9216099,7.921714,57.27762,0.0
18.479496,4.18398,3.15774,4.9968586,49.99402,0.0
15.220379,2.3078363,4.976156,4.1090918,28.357038,0.08637637
5.175912,3.3117962,2.7523336,2.5304365,70.42096,0.03484821
13.878096,1.6827989,3.2183766,7.5461473,56.16281,0.0129739605
5.109012,4.951693,4.994906,5.556161,43.918427,0.17254627
9.349027,4.416322,1.4633913,3.396596,53.366913,0.06991332
18.557812,2.9297724,4.0925727,2.0905638,58.681534,0.0
16.804699,1.1292317,2.2722974,2.6877089,73.15129,0.0025060037
11.830617,3.2318401,2.054142,2.9636984,35.004818,0.029115519
13.002093,4.189017,1.5340414,9.2895565,56.49369,0.0
12.612989,4.821056,2.9732585,8.209363,45.274166,0.0
14.311648,3.458055,3.9311476,9.479612,67.55897,0.0
11.7728615,4.183757,2.247541,9.854206,45.99498,0.0
18.110683,1.3906822,1.2554741,7.6610765,35.430336,0.050219487
17.766392,3.636608,2.0328908,4.4047766,83.01872,0.010690496
12.708563,2.012414,3.2718816,7.0220413,56.54326,0.0
16.957546,3.1653132,1.6601439,3.2980967,46.42536,0.08996463
6.1817417,1.0472307,2.3390121,3.3535213,84.680084,0.032029
9.977255,4.290448,1.3183522,7.821681,76.4475,0.06300207
10.745521,3.5064533,2.9163198,8.289924,29.621447,0.036844533
18.073837,3.5760028,1.881402,9.516222,53.840878,0.0
13.047796,3.268876,2.7913465,8.2576065,63.39286,0.0
15.808552,3.6315327,4.1034336,8.988606,68.615295,0.0
5.0503488,4.775771,1.0622435,4.1221256,80.354904,0.023591297
14.411662,1.8052058,4.6802096,6.553281,46.664948,0.028684275
8.982523,3.3287783,2.1161275,5.551811,74.46533,0.0052498076
19.216747,3.2491398,3.7861853,5.2629814,36.81743,0.0
14.979757,0.8902512,4.1380177,8.273007,67.12388,0.0
10.070666,4.264681,1.2024937,5.089327,63.85614,0.0
9.274622,1.2681799,4.86392,7.9810953,61.59134,0.04781963
19.03338,4.4544735,4.497564,6.9512024,27.032341,0.079114154
6.0318565,3.4381528,2.2005777,4.9636393,40.456947,0.015813854
18.545284,4.129306,1.9105124,7.154415,61.790222,0.0
5.5548577,4.6456532,2.0033107,7.688244,48.57834,0.038893618
15.784391,2.51526,3.5747657,3.5472517,52.409317,0.024444228
12.542858,3.1723166,2.0221887,8.034714,45.294632,0.0
5.5421906,2.1776118,2.8595767,5.829441,65.610634,0.108158685
5.1682515,4.4716644,2.32512,2.089984,36.518944,0.20453352
5.800112,1.0125605,2.1672754,8.7049055,40.3105,0.0021470159
12.648759,2.6318235,2.2600412,7.19077,26.450338,0.043842036
16.976046,3.3327894,3.0374594,9.593315,43.127285,0.035592888
8.107647,3.4365692,4.648131,9.594591,52.34723,0.0
10.050405,3.6005955,2.965064,8.533966,54.843597,0.0
15.150591,4.7377315,1.2146015,5.900817,51.581062,0.016838415
19.227913,0.5619751,2.5805054,9.071296,37.25116,0.042929977
10.912926,4.35708,4.464328,5.644676,31.145092,0.02240976
9.655821,1.6772177,3.7744565,7.3117285,79.38232,0.007026792
10.692688,4.635166,2.3792543,8.328151,76.13934,0.01799292
13.456365,2.8307028,2.3109279,9.754949,59.73164,0.026345367
14.193642,1.7016243,2.683598,3.697626,38.65173,0.0
9.8520565,1.3148991,4.2055693,4.983244,42.08261,0.0
10.770226,4.2877345,3.657878,3.0205755,62.873764,0.0
5.8073072,4.917771,4.4761095,9.838705,59.260693,0.057299472
12.640349,1.5041778,1.8883986,3.2524118,58.76594,0.04710772
12.805016,0.9254466,2.2794895,7.4840183,61.580376,0.0
5.903745,3.4665344,3.9406586,6.7578773,35.597057,0.0
8.269918,3.157222,2.9284177,8.017798,57.71534,0.0
9.61333,1.2247055,3.8652387,7.243455,56.316235,0.14374025
9.0234375,3.6482053,1.073031,9.418767,66.18158,0.059129495
6.307872,1.3952093,2.107676,4.339513,77.41695,0.0
13.102487,2.041018,2.208694,2.6807451,29.668259,0.031971388
15.661334,0.97024596,3.2392035,2.147975,63.499657,0.04090805
9.927454,1.0218399,2.9823785,9.171327,69.74248,0.0
19.873325,2.822681,3.4555454,6.2150574,38.009594,0.053488534
10.551418,3.9936824,1.24648,3.1287212,61.784245,0.017975973
11.073343,2.4789715,2.5321794,5.9873676,62.99199,0.12755345
15.302057,2.4229894,3.2628465,3.0370436,71.21676,0.058750555
7.6171727,1.0543633,1.0568695,5.079571,56.494213,0.0
8.303441,4.27291,2.783008,3.8350992,34.31705,0.0
12.1493,1.7693796,3.8605585,3.3687086,44.322174,0.0
6.976972,3.550817,3.7399077,3.0762835,41.174644,0.05493645
7.391862,2.319388,1.6032763,5.458003,35.975014,0.0
14.695418,3.038559,2.5700874,7.572839,55.386665,0.0
9.509022,3.019032,4.949399,8.049688,75.00808,0.0
15.166951,1.2318809,3.9128852,3.2289953,84.27176,0.0
5.002879,3.4553883,2.7375216,5.2865677,34.200527,0.037014302
14.319228,1.6393402,1.513298,7.13124,31.181934,0.0
18.47097,4.851955,1.3595414,7.0212784,66.59796,0.014538504
10.663473,3.2017732,3.1490107,9.69175,59.36562,0.06908021
8.1133995,1.9729421,2.999024,2.2816887,30.510923,0.03466133
17.154526,1.7318888,4.6112666,3.925623,81.794044,0.0
17.54439,1.3103516,4.9862723,5.9395885,49.88127,0.014392028
17.0326,4.039718,3.4340425,2.3083124,25.24519,0.06531741
6.979458,0.7274953,1.6935782,6.937396,52.125057,0.04501594
12.092689,2.0841744,3.013308,7.988117,80.14485,0.0
5.398308,1.8519938,4.082839,5.445245,71.887146,0.0
14.614069,3.3491068,3.7777534,7.5714073,53.89091,0.0
16.247898,1.1447768,4.489752,8.793002,28.176851,0.0
14.759928,2.406436,2.9593349,9.276133,29.032913,0.0
13.51589,3.032832,4.4861784,9.820911,27.542892,0.0
15.130882,4.9859943,4.770008,7.001088,78.56748,0.049073182
5.6053834,3.2758794,3.7225041,8.807235,80.46774,0.05478044
16.257206,1.9454205,1.3207049,7.678404,26.779915,0.012069805
5.871292,2.9048505,4.6105666,8.666188,60.94459,0.03340528
6.9882717,4.7850924,2.5475488,2.8354807,76.58577,0.08290903
18.845135,0.85887206,2.556435,9.803226,47.70852,0.0
13.239807,0.8186786,1.0114212,4.0852995,37.828575,0.10036945
7.9104276,1.7021656,1.3198776,8.970627,45.071613,0.013725797
11.687155,0.70829874,2.4214044,6.784153,28.467066,0.0
16.396557,1.2096589,2.0101714,7.766103,41.147842,0.0
14.682237,3.724858,2.1009789,5.9454994,67.53314,0.048563465
18.800392,2.2938485,4.636129,6.523329,45.218384,0.07640548
7.002237,4.648051,4.4999413,7.069062,25.463522,0.0
5.472314,2.9046717,2.975605,3.9582548,79.25383,0.036288794
19.480473,0.6426678,1.4707427,7.956929,82.714584,0.0
16.582447,0.6007808,1.6782241,2.0052366,27.714739,0.030869741
18.192928,3.1182013,2.2683253,7.5549946,66.84538,0.0
17.142136,4.699425,2.0936913,9.989174,51.39968,0.0
12.201071,3.283649,2.232451,8.721768,62.193176,0.08747075
15.137974,3.6456835,2.4624386,3.92379,52.252823,0.036429226
12.362066,1.5183071,1.1815238,8.91805,83.5515,0.0
11.604795,1.6099019,3.151507,8.098927,83.174,0.0
11.705093,0.53434676,4.600424,7.2602406,64.02339,0.06547478
15.475907,1.0798314,3.0368304,7.7541256,39.057205,0.0
11.112352,3.4041913,3.9962263,9.67387,54.235313,0.0
5.780063,0.98924834,4.8989506,8.694622,43.671337,0.0
7.3175144,4.6748996,3.9986258,8.708313,56.345123,0.0
11.325956,2.8795679,2.6884403,2.7242022,33.203167,0.0377618
12.488924,1.93343,2.64046,6.9792557,50.98054,0.0
8.300928,2.8164792,2.1270633,2.498229,42.587666,0.0648274
15.159067,1.8248546,2.843902,3.6607418,81.18576,0.0
8.6712265,2.7601657,2.6569266,5.775429,59.97383,0.048799336
19.500523,2.738864,2.6849623,7.0733423,37.509808,0.0
7.3176737,2.2603788,3.2216706,5.447242,34.97083,0.021664875
17.3866,4.1735663,4.886979,4.760792,42.124733,0.0
6.6576962,1.5779085,2.8349462,3.8514996,74.38347,0.01630694
17.25617,2.7358155,3.8832269,3.1634207,45.37883,0.011856398
10.054256,3.1868815,4.561511,5.2970066,78.81488,0.0
11.710384,3.274125,4.963889,4.2596884,29.526596,0.01670845
16.98109,4.866808,3.5742607,8.583856,34.06685,0.0
16.84388,3.9377728,3.2603145,8.763428,64.93947,0.030335534
12.84713,4.694876,3.8653994,2.7907858,80.81742,0.00030293642
14.022413,4.145426,2.7829614,7.818224,59.565693,0.0
12.299967,0.53609395,1.570909,5.525898,60.59692,0.0
17.346214,4.032423,3.9909492,9.603735,33.562737,0.003993419
8.541582,2.6746974,4.708349,2.3328342,37.3247,0.0
13.429812,4.3759904,2.8667936,7.332526,46.68352,0.018431276
5.827626,0.8844877,2.7367897,6.827627,40.2705,0.0029514735
13.415844,2.700776,3.0831032,5.929513,56.37658,0.059825294
18.672035,2.0741966,4.1171217,7.940873,26.75983,0.0
7.481778,4.67204,4.792061,3.0071335,45.562107,0.03806778
11.595465,0.9287243,2.2076974,4.794853,55.475304,0.0
16.457779,1.1432098,4.3040338,7.2248945,63.105637,0.13230525
16.085812,1.9562421,3.9783492,7.5474844,46.54068,0.0
10.94541,3.29689,2.7345576,2.815958,45.778946,0.0
14.670499,3.8838432,2.962759,7.509783,33.099056,0.02907132
17.61824,1.729428,4.0699,2.8355474,63.176033,0.02873969
9.21921,0.71443725,1.7712736,7.3569317,64.08195,0.0
18.81023,1.4377378,1.465147,2.4489384,78.626755,0.048289374
8.501854,0.9490506,2.8596005,9.436202,75.549706,0.0
7.5595517,3.5174599,2.1351495,5.29387,61.24146,0.0
18.170095,1.2427268,4.197737,7.902669,62.94456,0.0
7.3090672,4.732621,1.5180678,7.8476324,37.94206,0.031731576
6.1017675,0.75949514,1.9107075,9.150229,26.104376,0.09060723
19.246223,1.5334895,1.0726724,5.1230946,51.854656,0.0
16.390303,1.9931096,1.8423924,3.5733366,54.507553,0.043100785
12.965376,2.260096,3.626751,6.2810755,46.34444,0.038042992
19.767242,1.6405208,4.852656,5.463084,71.981445,0.025210643
9.36697,2.326798,4.0251594,7.5377674,53.029877,0.07885936
7.9579043,4.5357795,1.3941116,5.2313366,68.36296,0.0
18.763485,3.4083347,3.350092,6.6187754,70.037964,0.040105265
14.068284,1.0841439,4.6951113,7.38278,29.835672,0.018794244
7.8271894,1.2668521,1.5160751,8.579498,39.66433,0.041859303
7.103029,4.2843432,2.2399378,2.0124702,53.526535,0.051734045
18.445908,2.4368167,2.127152,8.751622,70.3571,0.0
17.498943,0.68908286,2.6488595,3.3623962,83.70314,0.0
12.633848,2.2515988,3.3907285,6.87691,77.38995,0.0
13.511958,3.4703856,4.6888957,3.8885384,80.225426,0.009597816
13.506687,4.285428,1.438231,4.3186398,41.585365,0.039399937
14.185847,1.0552902,1.296835,2.4991932,52.02345,0.031137694
9.279196,1.6445705,1.4616985,6.9791546,79.511284,0.0
9.186234,2.1331682,2.5647197,5.419338,36.642532,0.0
10.651867,1.2227743,4.0950956,6.424366,53.497047,0.01157909
17.917469,0.9571541,3.0199542,2.4240332,48.81545,0.08654913
8.569831,3.3574119,1.4824181,5.765235,72.925316,0.024051283
5.5231576,1.9832691,4.4237146,5.7308807,32.558887,0.099692985
7.6432543,3.8477771,1.6884122,8.088309,49.994312,0.060968406
14.967099,0.7119353,1.8779645,8.074975,40.443237,0.0
12.949259,3.8030267,3.597828,2.3393698,80.8001,0.0
14.769106,3.555533,4.108727,3.1649923,52.862892,0.0
12.095591,2.4904668,1.4240685,8.11324,43.074036,0.05342641
14.398303,4.7380037,1.2402534,3.7429466,75.57222,0.04662533
12.096931,0.76000476,2.7462573,3.0748186,64.2706,0.05203724
18.476133,1.1999707,4.7936916,6.3851795,46.55876,0.0
8.028176,2.8544335,2.7112632,4.205121,51.82754,0.0
17.090641,4.646651,1.168848,5.141201,48.409554,0.09585831
18.321827,2.603169,3.9244876,9.70535,57.666317,0.068556994
8.331449,2.0321658,4.707235,8.030501,27.560623,0.06361109
14.350739,1.3568804,2.3805633,5.8819284,32.97101,0.0
11.609325,4.5121317,2.1158686,9.7318535,30.088093,0.021356352
16.458637,3.5572839,3.2286043,7.456889,77.64468,0.0
14.56169,3.0086422,3.6385098,4.151058,72.60655,0.011907546
5.659355,0.55662143,3.7507706,6.003413,75.5959,0.0038198242
7.3462,1.897624,3.6714525,4.88647,55.058212,0.0
17.436409,4.7288947,2.7007422,5.361678,60.79304,0.0
17.967682,2.754367,1.2528915,8.433351,71.36152,0.0
17.363445,2.6904786,2.4461265,8.349816,83.51004,0.0
19.152786,3.3943176,2.7841182,8.493053,54.480705,0.0
9.754299,3.6915193,1.9239779,3.897008,41.935555,0.0
7.7423244,4.868241,2.267168,3.9049282,31.786404,0.016845621
12.92167,2.1653132,3.0439425,4.596304,59.415897,0.05928211
17.240566,3.6873488,2.7137733,5.746994,62.27385,0.025812237
17.971378,4.087018,2.659603,7.450468,55.950783,0.080496475
17.335194,1.9561069,4.3189096,7.561304,55.83046,0.034035575
12.206396,0.8620376,3.1161556,5.2484407,57.789932,0.0
6.452903,4.6811924,2.8153162,7.58912,52.587563,0.0071424292
7.433536,4.107579,2.0894604,8.008766,58.620796,0.0
18.701809,2.4044006,3.6866312,3.0049667,48.686195,0.05312721
12.129451,3.6202168,2.5462632,8.705169,73.355385,0.0
10.145435,2.0871828,3.2557716,6.6220922,79.25748,0.1423897
12.999001,3.7961972,1.2448459,9.368202,54.164288,0.03613477
7.321704,4.348221,4.4449835,4.006591,27.03669,0.0
9.808106,4.3910394,2.0611625,2.3189335,31.273521,0.08507175
15.872731,3.8871832,2.7299514,5.452469,60.320423,0.045147832
10.293238,4.6894746,1.0695386,6.5540047,47.23242,0.0984443
11.630846,2.8953087,4.6608257,4.2619514,52.745808,0.0
5.878436,0.5297972,1.2463274,6.7414656,46.595867,0.0
17.567402,1.3355628,4.5927095,2.195135,77.261406,0.07009714
15.147119,0.79188657,1.3828764,6.343684,28.003094,0.041159235
14.471942,1.9536693,3.0414977,2.610736,56.92273,0.056815185
8.894893,1.180205,2.4082537,2.4267073,25.5109,0.0
12.991842,2.2200878,2.708539,6.04622,42.905907,0.04008843
9.820691,3.7770467,3.1071444,4.2827396,83.905655,0.0
12.895091,3.5852876,4.7821183,8.281213,67.6405,0.0
8.562889,2.7413359,1.4894085,2.8462877,42.309353,0.04266504
16.907642,2.5108457,2.922131,9.125403,82.30122,0.0
11.437655,3.9744725,4.6003404,5.2775784,62.80286,0.005018046
6.2366967,3.9094744,4.8711624,7.393058,35.74695,0.004171883
12.571049,1.9993194,3.6832805,3.528204,44.110855,0.0471585
11.967238,1.6348416,2.3725796,5.5849113,79.71204,0.04272739
15.0795,1.5786214,1.6239367,6.152705,59.647488,0.0
6.955983,2.9651175,3.5660949,4.54716,75.67398,0.037397046
11.2588215,2.9738727,4.224278,5.152831,77.961205,0.0
12.975435,2.079649,1.7802429,5.72447,81.96411,0.0
19.022026,1.8374035,3.9765005,9.534745,53.54973,0.02289313
5.15565,1.846603,4.5004926,4.5244923,37.60578,0.053735264
9.707944,1.4256486,3.091607,8.314281,45.270676,0.041033227
9.790689,4.395508,3.1604953,9.542484,84.07071,0.0
18.249878,3.4205914,3.9414444,9.226054,43.80544,0.0
19.034908,4.6252975,4.7959776,5.9858055,51.638355,0.15108436
12.238915,2.0039334,1.094399,9.742409,40.67412,0.036394354
8.770955,2.6164398,4.1087794,9.669757,73.256294,0.0
19.494701,1.658945,2.2190962,9.494592,80.13097,0.04587557
19.239971,2.1427317,2.8695645,5.8785486,68.25912,0.0902496
8.711104,1.2252682,3.0496697,9.769818,41.263092,0.05557482
8.287289,2.8673584,1.4743476,5.4258575,61.865883,0.07398601
7.0908394,3.0914242,2.6124325,2.8402348,52.17785,0.038151342
7.514909,4.8413386,4.165695,8.104496,44.61989,0.0
15.270085,4.516557,2.5110164,5.408045,35.92582,0.023967367
15.427481,3.1524205,2.9374866,4.648672,39.293884,0.04078628
11.25061,1.0649279,4.156157,5.8150177,32.22371,0.0
6.427597,3.73877,1.6708655,6.6725664,69.89375,0.007401973
13.112146,2.7536108,3.3471513,7.520643,43.937984,0.047329817
7.7171226,1.0359466,4.2904716,6.2979946,70.78345,0.0
18.915546,4.705322,4.7139,4.8643064,49.18042,0.07245434
11.862082,1.6920949,2.3930926,7.2016506,44.29192,0.0
12.555933,3.35449,4.109867,4.1668053,79.81087,0.10219935
5.7967305,2.9666002,3.4576583,6.097519,69.92289,0.0
5.5819964,4.4187956,3.8450608,6.617239,55.913795,0.04526
13.507681,3.2297726,1.359911,5.1976213,82.19711,0.0
10.310275,2.2895167,3.1900878,8.93294,32.551964,0.059127595
16.095417,4.487372,1.0578866,2.162342,62.190987,0.086002305
13.861759,2.4030921,1.196518,9.327543,65.44043,0.0
9.196283,0.760354,4.5133696,6.412609,82.67601,0.0
8.347953,2.9623215,2.8842463,9.138928,75.53163,0.0
6.1605935,0.95173603,2.1853833,5.4978256,31.846756,0.015427382
14.475751,1.71503,3.4675517,4.9803324,45.973057,0.08139647
9.4385805,4.367667,2.2425494,8.374921,39.060287,0.028614346
14.920127,1.8964562,4.956029,3.9485435,39.20183,0.02637209
11.656274,4.348036,4.9840035,3.9077282,30.62392,0.0
7.6966286,1.2768626,3.5358443,9.618642,65.41968,0.056268577
13.058296,1.4352187,1.2900395,5.476079,46.46801,0.0
16.152529,1.8872063,4.70953,3.6192732,72.05441,0.0
8.881575,3.8583755,2.1848469,2.8969793,29.40217,0.009740252
10.045913,3.374695,1.6572328,8.699801,34.243206,0.015018117
17.81463,0.50611705,2.9652553,9.734935,53.02353,0.0
15.51353,0.5349492,4.9819613,7.8019323,56.88186,0.0
5.7440233,3.8809524,1.0217948,5.5728703,32.620083,0.08077425
12.130215,3.5332394,4.5750113,4.554577,41.623466,0.0
11.141508,3.3562114,2.534562,9.664129,71.283646,0.0
18.202328,1.6456277,4.402195,9.237805,31.218204,0.0
18.38555,0.6477629,2.10647,4.7782927,81.364006,0.04353679
16.671179,2.1704867,2.3750024,9.639604,53.78135,0.0
10.968344,3.1392198,2.1500168,5.021695,74.7139,0.034715693
16.562645,3.0249724,4.1349707,6.3299,43.004684,0.06027532
9.152936,2.3161511,1.5288749,4.6662235,68.285965,0.0
14.445113,4.3558683,3.307579,5.214403,61.165764,0.015579351
18.086668,3.8720036,1.0854812,7.528488,41.620884,0.0
7.19073,2.910027,2.0577912,7.347536,64.3384,0.018689785
7.2441826,4.797578,1.8153763,2.245596,37.385048,0.022890449
5.040748,0.5405169,3.7705564,2.7512493,72.754616,0.0018619952
16.814922,4.7588663,4.50835,5.5747223,47.425915,0.029757334
16.284023,3.1410832,2.8908725,2.1637163,73.807755,0.111906804
17.144176,3.1576438,3.362897,7.520054,53.41256,0.02438464
13.9389925,1.4034946,3.7792368,8.477882,75.56014,0.0
9.872283,3.4207695,2.476626,5.3278885,83.58346,0.06480149
16.952501,4.5283847,1.6916738,8.528952,78.160736,0.0
8.714657,3.6359963,4.045207,5.312583,45.37767,0.0
14.773961,3.0891461,3.250266,7.959812,68.04696,0.11775595
19.554342,4.604755,1.5223017,9.769126,47.848022,0.0
14.713422,2.1445014,1.4516072,7.0844994,77.60298,0.08379542
13.613408,1.2243499,2.281929,3.786911,73.871506,0.0
17.51938,3.8646548,2.3256817,4.472069,71.03043,0.0
18.463518,1.0270889,3.4377985,2.176052,27.678131,0.051215455
11.048952,4.9026694,1.0489025,5.076125,71.28262,0.024033453
7.7549057,3.3763812,1.9141569,5.7139397,38.20909,0.044030383
14.139511,1.85637,4.550425,2.500967,32.145412,0.009516683
9.75234,3.9030833,1.1768861,6.214203,83.39537,0.0
10.1923685,2.0949411,1.1466007,5.2723455,68.003525,0.05655331
19.52233,1.1591909,4.877716,9.815997,77.97499,0.0
19.066845,4.237347,2.2973137,8.348034,38.58642,0.0
6.585765,3.2983775,4.2963843,2.102727,73.06236,0.0
15.176221,3.7727122,2.1343555,4.2955284,62.347164,0.0
7.8909564,4.4914737,2.5930586,3.0352697,58.59812,0.0
14.156779,1.7163866,1.3394766,9.4339695,32.54122,0.0
12.655058,3.534632,1.0683675,7.81509,80.6886,0.0
17.31549,1.5480152,1.664793,3.1845036,53.782284,0.029509757
10.044075,2.471148,4.6178555,8.177478,64.63602,0.0
15.830381,4.541388,2.8513408,3.641715,63.96894,0.0688123
19.297312,3.4208286,1.0625968,5.0295134,39.58988,0.040942855
18.955307,4.0752463,3.023862,4.993705,78.971756,0.061108585
9.390694,4.4681616,3.1621962,2.5050116,41.314667,0.054440014
19.760904,4.4374065,4.019064,4.7237005,80.617676,0.012941048
14.968431,3.5955105,3.9654713,7.9218464,73.18936,0.0035880972
18.01256,2.4921067,1.9119091,2.095254,80.58338,0.023632623
17.047215,0.7062431,4.063757,6.8581495,64.48095,0.0
18.246979,0.8803662,2.3324971,3.9675055,59.91257,0.0
5.988516,2.0503829,4.448499,4.9750204,60.19086,0.014040558
17.47906,2.7373004,1.9653625,4.7814274,64.65357,0.075878955
9.840698,3.989069,4.1494036,8.209675,78.92883,0.0427659
18.147799,2.2687104,1.4569936,2.0933456,45.796604,0.06388123
9.211154,1.4455061,1.4735847,7.0024643,30.79026,0.032636825
8.732243,2.801087,4.2216096,4.09671,42.9928,0.0943894
16.801392,3.415417,2.6711793,2.4663696,73.62409,0.0
8.697228,3.2921093,4.9234266,5.287545,70.77345,0.0
19.38414,0.7650076,4.0025983,5.1806993,83.08501,0.02106509
16.021742,1.6350272,3.695918,4.5417423,25.297653,0.0
8.137564,2.45572,3.0405202,6.5770483,43.179535,0.014153862
9.476366,4.1320066,3.160643,3.4950018,55.825848,0.0
6.4822674,3.185669,1.4436355,2.3979158,54.71743,0.032205503
14.408308,4.0195775,3.2827868,9.285322,30.182415,0.018409096
12.553125,4.927427,3.0730157,8.697824,37.24929,0.021564934
15.006103,4.393922,3.8152213,4.915576,51.31492,0.03267832
14.169954,0.96657723,2.072082,9.552929,74.33639,0.0
8.826387,3.8355527,2.7316928,5.9488764,26.699354,0.026231091
12.98036,1.7316468,1.4337139,3.060608,33.710464,0.036800917
18.367266,3.689652,4.989681,6.7338924,80.762596,0.007182235
19.266697,1.108325,2.9947271,3.5441675,74.39932,0.0
14.686914,2.8762205,1.3241949,8.233132,76.650185,0.0
10.499614,4.2263856,1.8609247,9.861094,55.042664,0.005664767
10.147551,3.204651,3.459118,6.932105,43.94357,0.0
13.405231,3.0922508,3.388268,2.7457695,37.475792,0.03273944
6.18544,3.9477553,2.0429378,8.85719,37.239708,0.008734953
15.055445,1.2580497,3.761107,4.49759,77.0267,0.0
17.791058,4.2471404,1.7763534,6.2384977,76.56148,0.04677634
9.810646,2.6625085,3.8669415,2.7128859,82.150894,0.009875169
7.0186877,2.4071407,3.7653594,5.661989,37.78559,0.17593345
18.948439,1.8942702,4.6608634,7.0236664,36.657288,0.013365722
15.743805,4.696871,1.197,5.900199,71.884674,0.0
16.365496,3.8818355,3.010995,3.7653227,37.30728,0.10337893
11.836351,0.9628645,1.1187673,4.1115084,57.987865,0.01790449
16.096348,2.0385323,4.0427084,9.175888,38.709198,0.013737388
7.307646,4.6473813,1.0956435,9.600156,26.106215,0.0
16.10176,4.7603674,1.2928638,7.031231,63.275173,0.1021063
19.445993,3.4089952,4.4283843,8.249629,54.94281,0.027991962
10.6804695,4.2283907,4.454522,7.8567524,55.0636,0.0
7.7539186,3.2160022,4.761,7.1165037,43.674404,0.023014143
16.442747,3.6516976,2.7553372,8.406329,48.71189,0.0
11.855168,2.9667578,1.4360442,8.927366,32.701008,0.0
13.463278,3.198093,4.7427626,2.865817,80.56491,0.0
13.393265,1.4149841,4.2109766,2.9741058,32.992424,0.0
9.1533375,0.7210832,3.290319,9.141544,73.58534,0.0
9.708888,1.80532,1.2807665,3.9123735,58.708607,0.0040524136
13.136456,2.4901884,4.011731,2.4408035,26.583712,0.023748513
7.457626,0.6326261,1.924501,8.016581,39.795338,0.0
12.343784,4.425548,3.000126,4.220169,27.66221,0.020547627
12.476372,1.997517,3.9980245,3.5837154,29.598965,0.08996515
17.62898,4.0993185,3.7193093,9.678992,40.421192,0.0
16.846588,1.7294141,4.4339023,6.689971,84.4091,0.07021761
10.650667,2.8662486,1.8833094,6.7979403,53.62371,0.0035293484
16.725842,3.4980462,2.2018652,3.9658794,82.29602,0.008978076
13.930803,3.9761868,1.1640072,8.85243,84.79838,0.063147634
18.8214,4.3500404,2.0978084,6.0316668,83.41772,0.014846921
5.4189415,1.1104295,3.932981,4.239044,38.772697,0.0
12.465372,3.4543245,3.818028,4.5227833,45.220924,0.007347514
9.900777,2.692332,1.141212,8.140433,25.664824,0.0
18.338634,3.5157776,4.1241646,3.2697039,36.741722,0.10323521
8.605905,2.4706657,1.0010366,6.6144,45.251602,0.050792146
12.420397,3.7360659,2.6492362,5.322071,65.538284,0.06938204
14.904144,4.633963,2.6909785,6.666374,46.123528,0.014258161
6.9916763,1.684338,4.8568935,9.34331,34.05244,0.0
5.5770254,0.6796651,4.0618563,6.9444084,58.538635,0.0
16.519197,4.7240953,4.1871758,9.854339,47.27621,0.0
9.546505,4.7860537,4.108946,8.399548,51.577774,0.017412059
14.145162,4.0385423,1.4321723,4.3951054,28.858898,0.087237686
17.24284,4.1446342,3.0459175,7.5624237,36.962074,0.0
9.324928,2.032524,3.5360985,8.02284,46.53442,0.052394975
11.978521,1.0151805,3.8918834,8.17896,27.8126,0.0
8.287299,4.537926,3.6074438,9.447104,59.75229,0.011258176
18.203228,0.7244226,3.5578585,4.964018,60.7785,0.04913216
18.185139,0.6383403,2.0165462,4.694907,56.39209,0.0
8.6441765,2.3764992,3.2076855,7.911955,68.854996,0.027395204
18.429401,1.1554456,1.5205407,3.6781588,32.006832,0.0
15.733349,4.8435864,4.1820307,6.2618914,48.1045,0.003707269
13.024286,4.5370417,3.2199793,8.90715,48.077763,0.009449176
19.952904,2.51261,1.6302791,7.416626,71.691666,0.0
15.290942,3.6153884,1.0645847,2.4121723,37.93254,0.090055555
13.629998,1.9218798,3.5740757,3.6227064,70.20111,0.0
17.060759,2.0735807,4.9600697,3.5300026,65.775154,0.0
14.5181675,2.4883344,1.8116765,5.703185,56.75546,0.009792213
19.447918,4.9710402,2.7225146,7.952403,48.999905,0.0
19.553493,3.964935,4.788893,8.59528,65.82468,0.08891556
13.592287,4.0758824,1.5121632,3.0953321,41.502167,0.05435381
14.728293,2.4328737,1.3350844,2.8714714,66.14655,0.037795566
5.444585,3.0233252,3.347808,3.98555,79.42418,0.08405596
7.0118947,2.7702293,3.362617,2.395956,61.29354,0.11722647
9.7270355,4.1032205,2.8166924,9.052102,43.917854,0.019569267
16.897188,3.2543519,2.6214695,3.7666817,27.853613,0.0121676335
16.14017,4.7547183,4.94908,7.1754417,52.25882,0.037757758
14.699742,2.2261076,1.353755,5.7203684,65.32783,0.0
12.266437,3.8028748,3.0324736,9.700264,61.53128,0.040785898
9.798958,2.3638628,2.8544884,9.031994,52.021637,0.048603673
14.243158,1.3067651,3.9293303,2.9404554,84.80601,0.0
7.9622297,2.528155,4.623822,3.42914,35.004967,0.021550873
6.9978075,1.0383161,4.730048,8.979331,80.190765,0.0
9.6662,2.876226,2.076476,6.57481,64.14209,0.04818254
7.3689218,2.165052,1.962966,4.7538586,81.175354,0.0
18.137321,1.2403487,3.7400608,8.555066,36.953224,0.0
13.556465,0.66540325,2.0745106,7.7637444,78.47026,0.0
8.497919,3.6739106,4.9416995,4.528325,58.46402,0.030544609
9.177966,3.2994719,4.541582,5.76805,52.27057,0.0
11.849874,2.2172077,4.816266,8.589127,35.540638,0.0
14.306499,0.8881532,1.7945704,5.502838,43.199554,0.0
17.535107,4.1553197,4.9312224,2.346717,64.26692,0.0871616
10.595944,1.5075332,4.3373,4.601782,34.887497,0.023530275
11.903269,0.94444203,2.1305332,2.8814583,28.182472,0.014980727
14.041308,1.2805024,4.845035,7.144747,59.860836,0.021150481
7.4157887,4.977814,1.8026748,3.374446,40.429768,0.09274104
13.485569,0.7754355,4.1307487,6.3675823,66.26576,0.0
6.5451136,0.8412451,4.216203,7.197901,35.057716,0.08887379
8.207591,3.1949544,2.1212034,9.625307,65.582504,0.05281075
12.213636,4.0522127,4.1700654,9.015647,26.856918,0.0
12.848606,4.075576,2.3276381,7.6943836,58.05137,0.049686078
19.065527,4.0696144,2.9583135,8.748355,60.758064,0.0
9.35248,1.8922017,4.3590956,5.5005684,60.902134,0.0
11.653461,2.5852888,3.5833406,3.7218256,37.660713,0.023735058
11.589655,3.3439338,4.8154655,3.8931313,29.446638,0.08772092
6.18495,4.3323703,2.8234253,3.65876,50.894073,0.07079371
15.098816,0.69984335,4.496225,8.160425,42.505405,0.0
12.932383,3.3367407,1.8665295,2.9504595,46.30129,0.03705494
9.890005,4.0955076,4.809922,9.419184,26.989368,0.052487522
9.71386,1.8692467,2.4418745,4.3422832,63.96382,0.0
14.810215,0.7314301,3.351523,7.6038885,63.473026,0.001875663
12.104705,2.616683,3.374298,7.0008507,65.79547,0.07850434
7.497707,3.2785819,2.6926398,5.000372,42.75138,0.016140724
18.883629,2.183848,4.7396393,2.3630257,60.917183,0.03721368
10.95706,3.1337023,4.2590623,4.9240065,53.948708,0.027344694
6.825508,3.6162848,4.030982,7.491333,48.509964,0.0
14.58861,2.5836682,3.889575,4.7782707,25.616816,0.020506442
17.133904,3.45726,4.2014465,3.3462973,55.779884,0.013280215
10.452845,4.3208013,1.8354249,4.051957,54.48714,0.06641148
7.3327117,0.7061224,3.14849,6.068475,78.94289,0.066658914
13.732782,4.2871943,2.4832249,7.7702303,38.234306,0.051670898
17.214996,4.9342284,3.186881,6.825035,63.950474,0.034669
11.691809,0.6103139,3.811058,2.218913,54.4408,0.055662517
8.414364,0.75381154,1.1123629,8.358842,81.51719,0.0
6.8471804,3.9692726,1.5043349,9.581038,84.482414,0.0
19.98363,0.86651796,2.4914527,2.4265099,68.50923,0.032323226
7.169142,3.2063575,4.199779,2.9621449,46.44874,0.0
13.17167,3.0891047,2.7700882,5.03646,31.247715,0.05731418
7.2466683,2.256019,2.044396,4.493618,65.26735,0.0018092087
15.835037,3.6380446,1.2928534,4.443327,38.35336,0.030581173
16.247444,1.8509455,3.3413649,6.0098734,32.12941,0.024935521
9.41741,2.8498244,1.5253935,7.2989388,36.332253,0.04926514
6.0305243,1.319911,1.5162807,6.657176,84.367294,0.0
19.507076,1.2356629,2.3246708,4.78218,68.01756,0.046941444
12.322521,0.76537883,2.507872,6.021696,46.605946,0.014146197
17.747177,4.1757956,1.371541,8.5435915,67.70799,0.0
10.003983,4.1231713,1.2319765,3.7881212,78.649445,0.037642404
11.41903,3.7736473,4.964928,3.700634,58.843872,0.0
13.107844,2.471967,4.681771,2.2156725,74.96806,0.049120445
11.433489,0.7312225,2.7155209,6.040368,81.74538,0.0
10.557598,2.5082262,1.1330457,3.154687,65.06141,0.012069202
16.790184,2.0758295,3.6061726,5.3864794,30.673037,0.10670872
6.5399957,1.3062624,2.9686208,4.008217,27.127472,0.04167288
5.90423,2.7825933,1.693119,8.68056,35.755463,0.0
17.99601,4.0143538,2.250575,8.332839,28.341425,0.038347892
14.060427,3.8438022,1.1376224,9.35147,45.460777,0.0
8.73373,1.1309328,3.8997264,8.288662,31.408012,0.010748923
11.3062725,4.501371,2.6133857,7.247772,77.93494,0.0
6.032924,4.448603,2.8450727,4.397416,76.54425,0.020897891
16.955254,0.9850233,4.000366,6.4506006,34.36689,0.00012305833
5.624456,0.7297795,3.9097695,9.327504,84.53216,0.05389603
11.072468,0.85204315,3.708653,3.6797028,35.13096,0.0
15.0700445,3.219814,3.1447353,3.9528093,51.351624,0.0
8.980041,3.3317523,1.2798219,9.128383,43.963047,0.0
12.002434,4.760244,4.5517263,9.793368,49.694405,0.0
10.006985,1.9423413,3.734799,6.6250906,59.846016,0.0
16.614439,4.5363975,1.5781021,7.840131,50.59959,0.0
16.656359,4.0818024,2.2248569,4.978464,82.969604,0.0
14.679405,1.9275907,4.9400997,3.1524162,44.751846,0.10179208
10.023363,1.9769777,4.843941,4.965973,71.34928,0.032269947
18.495253,4.43758,2.8342557,4.0342274,77.68948,0.03228985
17.91074,1.0276527,2.8973904,2.0659304,44.126495,0.0
17.076723,2.8028991,1.945363,8.49239,62.305305,0.017046759
12.180386,4.353156,1.7858696,2.66576,62.37686,0.07763307
11.05006,4.7780633,1.0473766,7.2020273,31.16165,0.09521592
10.186452,3.6423955,2.0460777,5.214674,26.527508,0.04447139
6.613483,3.089521,4.5272245,2.1287727,55.510822,0.07567063
14.829819,2.9845302,3.1688404,7.546669,46.306053,0.0
7.2306485,2.7958872,3.5180893,7.4034147,77.28322,0.051026538
13.175672,1.7070429,4.502089,8.405878,65.32329,0.0136545785
15.409746,2.0172944,2.9486394,2.831235,84.232315,0.058754977
5.3785954,2.6881766,3.9645882,4.7942696,84.35739,0.0005126635
15.610441,3.343811,1.6870389,3.6440277,67.446686,0.019710246
5.4061384,4.962613,1.6930871,4.0962486,59.929337,0.0
13.454047,3.1253753,3.2670789,6.4340906,29.48207,0.050316676
12.983885,2.7902734,1.9406543,2.83638,79.95482,0.027378015
5.700638,1.4250274,2.6091704,4.9422693,40.68367,0.008866336
13.448065,2.0097327,2.680921,5.87914,41.047657,0.0
19.339212,3.314165,3.8425217,5.4941406,68.58814,0.112297624
12.959356,1.9089863,2.915732,7.821286,30.306404,0.0
18.737244,0.5474188,2.2591224,8.861675,45.289852,0.0
5.0064764,1.7033784,1.0907817,4.836608,62.992397,0.0015606564
5.5798917,0.5014527,1.8676753,6.7477217,65.49155,0.0
17.597202,4.640572,1.1956539,7.2121296,70.25067,0.0
15.579131,2.8458536,3.857458,5.6046143,32.80719,0.026392333
14.782324,0.94322056,2.8071828,3.7217245,47.204285,0.0
8.18441,3.96065,2.7664137,4.991104,37.06185,0.0
13.337785,1.6051328,1.154818,5.3199005,61.027397,0.013662402
7.753647,1.8528848,4.744508,6.379304,80.08884,0.071211174
5.004556,1.419069,4.776049,5.7764606,64.91145,0.022914223
19.079727,1.4927939,4.471768,4.604244,56.271603,0.0
14.423527,2.607549,2.03054,4.89762,61.015587,0.005249683
13.384583,4.8161354,3.3483353,4.433528,82.69037,0.0
5.953359,2.2846556,2.4023585,5.749461,27.96407,0.034832153
13.623955,3.384447,4.1404314,4.5553207,81.9875,0.078994535
18.4043,3.090905,1.493319,4.9426975,36.60897,0.0009484086
13.868572,4.773081,4.434293,4.074445,45.63042,0.07685786
14.551476,0.8345954,4.305536,6.9278603,56.986187,0.027834998
10.963731,2.1364238,3.2885427,9.037404,39.633747,0.0
13.698992,2.9225943,3.4402413,4.9567747,57.164944,0.0
7.922551,4.666215,2.1581697,4.215111,66.12967,0.0031492375
8.499593,1.4035552,1.5399976,6.2340155,71.275665,0.035565168
17.110039,2.968863,3.1642895,4.608674,47.863777,0.0
6.804308,1.1173962,4.487659,8.797703,80.99632,0.0061998614
11.222647,4.0800858,2.1581478,4.932851,78.831055,0.0
13.807269,2.8865635,3.7552757,9.018976,34.125847,0.0
9.532099,1.7477846,4.142162,4.7530785,41.91462,0.012156806
11.99123,3.3221152,3.4159446,5.138361,44.085213,0.0
6.820934,4.1391973,3.293912,4.531456,82.70754,0.0
10.235976,2.9059527,2.7130475,8.310249,81.62649,0.0
8.228282,3.352097,4.1349993,8.997629,44.847416,0.0
6.6192746,4.316057,4.5003557,2.478982,66.08544,0.0
9.430628,2.3876727,2.9554782,9.28866,75.026566,0.0
18.257267,1.8264457,1.9962759,4.1514664,35.042778,0.09526043
5.167223,2.2436113,3.1523166,2.4792547,74.741714,0.0
18.358932,3.1265929,1.4269443,2.0394802,56.786144,0.014657993
11.930885,1.5509582,1.2358918,5.01509,58.84301,0.029523298
18.779112,1.2782779,2.7100954,6.5144234,30.986763,0.0
15.819913,4.7756724,3.6705756,6.9324875,26.802258,0.030739054
15.972734,4.5190206,4.0387,8.392116,80.90614,0.009269356
14.110849,1.413548,3.8490963,8.668278,49.367832,0.048917938
19.375244,1.24733,2.2573504,9.269342,70.565575,0.0
7.1611114,2.3415575,4.4111342,3.2861204,62.03085,0.0613726
8.44264,2.225723,2.075317,7.5006285,53.285347,0.0
15.777408,3.5106883,3.8645759,4.626274,50.3265,0.0
19.120872,2.3667579,3.4181333,7.040661,82.36419,0.014807634
13.13264,3.8806567,3.2988377,5.092434,41.609203,0.020355126
9.570221,4.8536744,1.2933497,6.753731,26.158285,0.067651235
7.9899244,4.5537176,4.0746202,9.1156,44.81141,0.0
8.647713,3.434674,4.2916446,8.238198,56.42962,0.035875216
12.686279,0.8439461,1.0606036,6.2190685,74.60647,0.040599
15.421068,3.195406,4.591689,7.122122,55.13577,0.0
8.009819,2.6089668,2.3860154,7.3561926,59.20549,0.0
16.13668,4.8985953,3.7498336,9.313775,63.34655,0.0
17.2679,2.313339,2.623334,3.3321247,32.19455,0.0479659
9.625793,2.9250512,3.6193004,6.854823,38.139698,0.0
14.641018,1.7112217,4.993165,4.426442,54.52186,0.0
9.096382,4.3445616,3.697299,8.188791,27.302658,0.07946455
14.244045,2.2879868,4.597956,4.8509016,38.64015,0.0
5.6770825,4.5716243,2.9751596,8.679434,36.060402,0.010773824
14.714555,2.9542367,3.7328467,5.389843,41.893463,0.04721351
16.2983,3.759368,4.179836,3.278882,61.028305,0.13189293
9.781363,4.723281,3.0682473,3.0964642,32.78991,0.0057554394
10.995127,1.1051724,2.2392006,8.116497,41.18135,0.0
19.659819,4.1798306,1.544899,8.205559,58.7675,0.043350082
5.908559,2.2492106,2.8567429,3.1423273,82.25934,0.0
16.769197,3.5930328,3.6477766,9.634517,67.24071,0.0
12.81846,1.2819932,4.7173734,5.8166304,52.94056,0.0
12.463855,0.97627825,2.7189488,4.7548313,47.190193,0.026501432
7.8961043,1.8156059,2.392449,3.217845,57.129436,0.0
16.705502,1.2943201,4.3390694,8.769392,37.50692,0.07573358
18.096024,0.5059239,3.3643813,7.060197,39.712425,0.05389206
7.009477,3.740663,4.327203,8.015091,65.760544,0.018094268
17.088299,1.034339,4.1102433,2.0379133,30.898579,0.0906671
16.636013,4.101979,2.3813028,3.1281643,80.456085,0.06375203
8.045099,3.670695,1.766635,5.6849384,43.398136,0.0
12.973131,2.5813754,1.4057817,5.536687,58.847446,0.06750123
14.048265,3.752778,1.2310724,5.104806,55.807465,0.019770863
9.369492,0.97843367,2.951326,8.503439,68.6001,0.10749081
19.29105,1.0341609,1.5722055,3.3092813,46.28279,0.051910557
5.5812473,4.063721,4.163247,8.55602,46.45826,0.0
7.248991,4.2577024,2.8487082,3.0873632,61.706604,0.0
16.012629,4.3293014,1.1373839,2.5306664,25.92796,0.1322811
5.0392494,1.4034951,1.1218252,8.372886,47.580246,0.0
13.551667,1.141416,3.088983,9.071104,58.87253,0.07579796
18.705349,2.6963189,2.7868733,5.3038206,45.522545,0.0008522463
14.904307,0.7762879,2.8189583,8.629034,28.744364,0.0
10.442171,3.8251848,3.195776,3.8397264,26.508532,0.0071807643
16.335114,3.3408747,4.394746,6.1956205,63.616863,0.0
12.216832,3.4141784,3.7289066,6.901927,72.68001,0.0077492
16.481873,3.3045473,2.8711114,4.271806,30.000704,0.0
5.141955,2.0285373,4.4385047,7.803093,66.66376,0.0
15.458222,1.9473131,4.2986007,4.3634987,72.824356,0.028216435
16.071535,2.636125,2.9661121,2.2875443,71.9816,0.050483808
9.541856,4.0381575,3.9925723,7.309204,32.492226,0.0
5.4437466,2.858359,1.3188334,4.9208946,57.60788,0.0
14.379061,2.3942034,3.1801715,6.6247406,72.105865,0.011897126
16.354656,1.2082791,1.6180525,8.675927,33.795143,0.0128444545
15.784746,2.9700089,2.8722553,5.5504026,63.19203,0.0
17.649609,1.3370655,2.9167047,6.9615917,42.235138,0.0
18.32277,2.1157403,2.2772431,2.5029774,71.23692,0.0
6.4840393,1.0864549,3.8190308,2.4064713,60.107197,0.047807127
5.533699,4.814315,2.4801593,9.9535055,65.34466,0.0
14.021265,3.2492669,4.1548133,7.85524,39.964485,0.0
14.515787,1.0888419,4.0255084,7.5457993,43.837227,0.0
17.123667,2.373427,3.332324,8.82556,28.173088,0.060356393
9.327934,2.6146188,4.334967,3.954729,33.88784,0.0
12.2671,3.7014503,3.6081305,8.8877,70.70148,0.0
8.230875,2.836903,4.2369366,4.7133436,82.98682,0.0
18.078262,4.4443192,2.8984385,8.973603,67.694,0.0
15.944904,4.695478,4.2290187,4.3167915,28.448935,0.0
6.076564,2.490197,2.3724155,3.6583376,29.905996,0.0
6.7440834,3.0923169,2.693399,8.4580345,74.63753,0.016269252
14.537868,3.6719701,2.5013947,8.974851,65.26675,0.0
12.875629,1.5549316,1.8821139,8.570915,40.750805,0.0
8.219834,3.4840193,3.3573165,9.634565,84.67146,0.0
19.891453,3.371441,3.5629134,3.4136734,44.905045,0.07991159
6.084358,2.3046546,4.8966103,6.5107975,48.644115,0.012477222
13.752339,3.3993204,1.2766614,8.521537,27.13564,0.006222983
7.065589,1.3510864,1.4630766,3.763939,77.95714,0.00939022
9.552701,1.0253026,1.9867301,7.083251,73.25244,0.0
10.403158,3.385241,2.935142,8.946475,54.85775,0.0
10.810017,4.979042,1.7063389,4.8867064,45.344704,0.0
8.849047,2.1840737,4.3938212,3.46313,28.220554,0.04398441
11.276541,2.467512,4.390782,8.67018,29.167667,0.0
11.532749,4.2999744,1.434969,7.829297,54.408978,0.0474694
18.867329,3.885376,2.1160455,9.328282,52.887276,0.0
18.890629,2.4415812,2.889451,6.0832844,33.004612,0.009824239
11.075166,1.2062068,4.9587193,2.9299755,66.50035,0.0
10.535183,1.7762444,2.314951,7.8956594,53.841873,0.101558626
15.8806505,2.2730136,3.6437325,6.781683,36.206367,0.0
12.191065,3.156446,4.4949026,2.230711,72.28014,0.0
16.279898,2.0853937,2.9502277,8.0912285,50.340202,0.0
6.2540455,2.278275,4.7798605,2.5386229,29.119108,0.0
17.037022,4.0540633,4.807216,4.916251,70.272964,0.0
11.742306,0.66050446,4.2290597,8.02992,31.008991,0.0
13.067304,1.712888,1.632288,6.2872934,65.51391,0.0
9.711232,0.857362,3.1172843,3.9234571,54.483315,0.10707501
15.345506,0.91802657,3.6374536,5.3664064,47.706387,0.0
19.515644,3.8853173,4.719632,6.88608,83.82155,0.0
15.996277,3.0910063,4.1374006,9.765197,58.35786,0.0
11.2170105,2.4644268,2.4195876,6.6921167,71.226364,0.0
15.834717,3.5702233,1.9662247,4.890992,76.43226,0.0
5.7362003,2.1219387,3.238133,6.3718624,61.379322,0.06181403
6.4439816,2.3333817,3.000279,7.28281,48.86039,0.0048667947
12.8104105,4.5071287,1.5581064,3.0483017,47.925564,0.07979967
11.248636,1.6121436,3.836711,8.283904,73.65576,0.0
8.320732,4.506191,2.8030782,8.406573,36.639606,0.0
7.548866,2.130545,3.9503398,4.1978436,51.616013,0.0
7.4349203,3.9599862,2.6826415,5.380473,34.23916,0.023351159
8.394896,2.0716534,2.1487083,4.474058,27.536268,0.0
9.668636,0.5384768,1.0067787,7.0959463,33.824238,0.0
17.685795,2.34051,1.1718626,2.3432474,65.13347,0.036476716
9.392048,1.8742641,2.1336145,4.3653717,67.67092,0.0
8.46411,4.536351,1.7090855,5.4939594,76.31357,0.021040691
12.854379,1.5937688,4.3365445,7.7863216,60.007385,0.04885254
14.917572,3.2304158,4.852622,9.351577,45.325195,0.0
17.2219,2.1021333,1.269342,2.9817886,37.82076,0.056289494
19.77044,1.9038291,3.3182607,9.344134,57.79969,0.0
12.443504,2.9236054,2.2188153,8.154836,30.69704,0.0
8.9361725,0.5430645,1.1273422,5.7855816,38.734375,0.0022688315
19.784115,4.153259,3.0196428,9.223833,52.5307,0.08828386
13.561967,4.741806,3.237205,4.3956594,51.784252,0.0
15.036971,0.9958058,1.542892,2.4972086,84.356995,0.0
9.711571,3.614343,2.9405336,2.6925306,50.736176,0.0073762517
7.8046517,4.151475,1.66852,8.415716,47.512024,0.0
17.368553,2.2240381,2.8230796,2.4384432,50.971466,0.0
7.21252,4.375889,4.926705,3.8022842,33.39044,0.038982727
7.217475,2.8600113,1.7214379,8.664575,39.50775,0.0017020861
13.640911,1.108561,1.7575908,5.0154448,51.611362,0.0
11.519335,3.3797522,2.749477,4.330268,62.669518,0.0
16.937405,3.4441261,4.299488,4.991952,32.84569,0.0
8.61891,1.0380967,3.2082143,9.775329,66.45666,0.049581937
17.871696,3.587804,1.0743766,9.05741,81.79289,0.0
8.998274,1.7624145,3.2622957,2.1298656,25.986122,0.022343375
8.336735,2.2360497,1.6737003,5.704624,39.903152,0.04882423
6.483471,2.9223957,1.6376619,6.945566,65.0188,0.012460225
13.332214,2.0458922,4.552369,7.719323,41.53708,0.010527828
13.265601,0.71807647,1.0696807,8.238599,54.161034,0.085254915
16.953773,1.1428515,3.7076993,5.960122,70.61975,0.037958506
14.385323,0.5565136,2.7093568,5.167593,82.05228,0.04110283
16.209751,2.179707,2.859054,6.7935705,63.156033,0.020969346
8.743868,2.61951,1.397543,5.7776966,47.027653,0.09015873
15.34219,2.942638,3.4728413,9.148973,68.72158,0.03757965
10.464203,3.5878158,1.9114237,3.0325518,77.14981,0.01792055
18.426826,3.5653868,2.9788394,7.1418295,55.896637,0.0
5.1947784,4.8279696,2.035458,9.686246,72.534134,0.11176683
8.103067,4.9091945,2.4703045,3.8445807,82.805084,0.0
16.110905,1.5072392,4.0624213,3.066598,47.179077,0.0
6.103053,3.8693454,4.8002872,8.332672,28.60328,0.055772565
9.886864,2.94314,1.864841,2.6065502,80.33742,0.07117278
13.169256,2.0214837,2.431632,6.0021105,72.36749,0.0
11.63355,4.309879,2.417337,3.402419,44.724594,0.0
7.8313866,2.4648988,2.707714,5.1450043,72.8535,0.0
10.650198,0.81258196,4.107009,5.3692255,39.45397,0.050515655
16.910446,3.9796925,1.2447543,4.9512177,82.87041,0.03640026
18.801392,1.2640171,1.5821376,3.1200886,60.346493,0.044765126
12.163855,0.5082859,1.1414595,8.976242,45.886856,0.0
6.4852037,3.7929235,4.2747054,3.1973753,61.827473,0.028008994
12.496477,1.1948729,4.1832776,4.1189585,57.167797,0.037321422
5.3109,1.8455682,1.101152,8.4604845,60.219044,0.0
9.513246,0.67632145,4.5355487,6.361332,32.86138,0.06674845
9.963061,1.5262711,2.98039,5.575263,66.79936,0.05054514
14.499004,2.4144647,3.9428816,9.71354,43.785675,0.02640259
6.826096,4.6909823,1.578022,6.442442,79.13435,0.03234871
5.35491,2.391168,1.4813156,6.9389687,44.63817,0.00902901
13.949106,0.9621178,3.6776671,3.6079016,77.74281,0.0
16.684208,2.6064289,1.7208271,3.0767508,48.579807,0.0
8.984849,1.2872407,4.334955,5.6728983,73.65842,0.0036277748
8.0605955,3.6340737,2.2294412,3.8960342,47.7417,0.056340195
9.459082,3.2296116,1.0542455,4.786213,63.687244,0.0
19.149006,4.4955397,2.3097477,7.543495,54.122894,0.07422584
11.027902,2.8980992,2.676711,8.959044,66.74193,0.0
19.472738,3.93338,1.0252967,8.820684,84.03825,0.069536164
16.8977,3.8616366,1.5532217,7.6343575,62.707302,0.0004739035
19.337051,2.1048617,4.7081623,5.7136917,55.036564,0.0
18.831276,1.5126643,4.1980143,2.0093384,62.588657,0.096931204
12.319212,3.513352,2.5958633,2.3393078,61.534504,0.0
5.5274725,2.5659351,3.8696413,8.869255,26.084507,0.04585786
17.654495,0.7899688,1.0729337,3.4724255,78.13278,0.05104091
10.107561,2.0556135,1.402101,7.144394,64.092255,0.08529914
15.984429,1.7604928,3.2685618,9.8535185,54.217274,0.0
10.75084,0.573286,1.0212855,9.467016,34.432487,0.0
12.887299,3.5018237,1.1781993,9.681815,72.33832,0.098434724
17.921005,3.490197,3.2116342,7.390644,25.20462,0.0
8.68508,1.7037256,2.6664429,8.457325,40.55847,0.0
9.871768,3.096559,2.3607717,8.541237,63.678383,0.0
7.164521,0.8252082,4.2693963,2.6647701,83.0054,0.0
15.011846,2.1980288,1.432684,7.266597,81.81441,0.058131922
17.656384,3.6988986,2.3321896,4.3185825,76.93799,0.043935258
18.842262,2.630446,3.449501,3.5231,25.720798,0.07951412
8.663797,4.144355,1.909306,4.5343103,53.720924,0.06670482
19.545664,3.2660022,4.4276514,2.809433,57.21605,0.0
10.202588,3.6198258,1.7409468,5.851982,55.273014,0.052444972
15.454517,2.1025486,1.1427922,7.7351475,33.785294,0.0
12.630714,0.72632694,2.9584022,6.212219,55.918938,0.0
13.960223,1.1018963,3.0134544,8.95158,61.48181,0.025162587
11.100582,2.6741033,2.7364597,3.5542889,52.15268,0.14122242
18.131714,0.8007373,2.2828956,4.1567554,68.07106,0.0
5.0576887,3.5784872,4.4005527,3.6917772,56.6761,0.0
12.610703,2.719597,2.3631363,5.8661814,35.45716,0.0
9.10996,4.891523,3.5489068,6.4116077,39.48504,0.06890623
19.679146,2.7140546,3.5595074,7.056896,79.18516,0.024766937
13.12,4.2306585,3.6057863,6.842126,33.63778,0.0
5.828992,0.8346989,2.774496,6.6032133,51.116283,0.0
14.813913,1.772235,4.779282,4.7424326,75.0584,0.034175616
11.836976,2.414447,2.731686,4.343938,43.564957,0.0
9.75456,3.1083946,3.6605716,4.111636,69.308464,0.0
19.591501,4.439639,4.1881886,2.395462,56.50221,0.0
18.285881,0.7894699,1.053863,3.4005709,31.336958,0.0
18.113905,3.239406,1.7973261,4.753685,56.9954,0.0020831716
6.07398,3.2490952,3.9613833,5.569519,77.43627,0.0
19.42154,4.820089,1.6033583,8.271319,71.92042,0.0
11.911154,2.4221945,4.186844,7.9471693,41.00015,0.0
9.557509,2.2306015,3.2543197,4.882249,35.716713,0.027358431
9.754984,4.845971,3.0683002,9.880485,61.969086,0.07734766
5.028126,0.8335708,4.3898854,9.40621,29.538612,0.0
12.046084,4.683104,2.6423545,9.48233,41.1899,0.0
13.528415,2.2313762,1.3464231,7.085226,47.83813,0.0
15.44668,2.4868894,2.3646197,7.5608997,78.62993,0.057221383
18.818188,2.268773,1.7078447,4.121358,48.674458,0.0
10.547499,3.720058,4.507179,5.1272545,57.776077,0.036837835
16.883171,4.069764,4.007684,2.8241158,82.68829,0.0
19.526756,3.8189251,1.5632424,6.3594,37.126804,0.070605166
5.2178545,0.58756983,1.8255057,9.337542,30.193293,0.08310761
13.200246,0.72562045,3.1193595,6.6511993,61.611652,0.0
6.450655,4.848672,4.6327133,7.706524,58.07121,0.0
